Categories,Lecture,Load,Grade
2012 Fall,18.236802954778515,10.719441899931507,12.774349217706993
2015 Spring,13.816391697751019,8.011297157750093,9.580754050849519
2016 Spring,7.6327836573500285,6.079162870854674,19.16152382656049
2017 Spring,12.238247133815921,3.440313981858914,2.355111130987172
2018 Spring,4.605463942891673,2.6798604786113356,3.193587304426748
