Categories,Lecture,Load,Grade
2012 Fall,-39.999821298031236,-39.99999999999989,-40.0
2015 Spring,-14.629504330019646,-18.02624679775096,-29.999999926656688
2016 Spring,-40.0,-49.9999999999968,-59.99998344586106
2017 Spring,-11.041646913542841,-46.72256135103008,-49.99999996828384
2018 Spring,-10.0,-10.0,-10.0
