Categories,Lecture,Load,Grade
2012 Fall,100.0,100.0,100.0
2015 Spring,100.0,100.0,100.0
2016 Spring,24.200000000000003,29.400000000000006,100.0
2017 Spring,60.800000000000004,4.599999999999994,35.0
2018 Spring,100.0,100.0,100.0
