Categories,Lecture,Load,Grade
2012 Fall,17.833023888698797,10.727622648646562,11.757116376183948
2015 Spring,13.514629072105963,8.016341776699416,8.81782861739178
2016 Spring,7.029258435723605,6.091433994771306,17.63567456427592
2017 Spring,17.029257946627403,0.6991770810438513,7.635674564275811
2018 Spring,4.504876405953935,2.6819056659477547,2.939279094045987
