Categories,Lecture,Load,Grade
2012 Fall,15.39460212506195,-1.0488396024649966,0.9966799462495581
2015 Spring,7.872028574548994,-7.78857598269533,-5.02005467555356
2016 Spring,34.86133134280648,-9.403949239735152,2.71328571073293
2017 Spring,33.81174591699636,-17.93960226021384,3.1475093347804233
2018 Spring,9.910350968491453,3.922143213212077,0.0
