Categories,Lecture,Load,Grade
2012 Spring,-10.0,-10.0,-10.0
2012 Fall,27.58883527846872,-24.023745530482486,-17.70136981963737
2013 Fall,-9.66581599699288,-9.999999999129924,-10.0
2016 Spring,-39.78622982873803,-39.76878343894423,-36.25215852061443
2016 Fall,-10.0,-10.0,-10.0
2017 Fall,-29.99963625463447,-29.99999999999987,-30.0
