Categories,Lecture,Load,Grade
2012 Spring,100.0,100.0,100.0
2012 Fall,100.0,-85.6,-43.800000000000004
2013 Fall,100.0,100.0,100.0
2016 Spring,53.199999999999996,-50.800000000000004,-46.400000000000006
2016 Fall,100.0,100.0,100.0
2017 Fall,100.0,100.0,100.0
