Categories,Lecture,Load,Grade
2011 Spring,100.0,100.0,100.0
2011 Fall,100.0,100.0,100.0
2012 Spring,100.0,100.0,-9.200000000000003
2012 Fall,-21.599999999999994,18.799999999999997,25.0
2014 Spring,100.0,100.0,100.0
2014 Fall,100.0,100.0,100.0
2015 Spring,100.0,100.0,100.0
2015 Fall,100.0,100.0,100.0
2016 Spring,42.199999999999996,-64.19999999999999,11.0
2016 Fall,100.0,100.0,100.0
2017 Spring,100.0,100.0,100.0
2017 Fall,-49.199999999999996,18.799999999999997,25.0
2018 Spring,100.0,100.0,100.0
