Categories,Lecture,Load,Grade
2012 Spring,4.504876405953935,2.6819056659477547,2.939279094045987
2012 Fall,12.899578833527862,-31.822957360224727,-9.136509647889913
2013 Fall,-0.0036276732674234147,-5.580482934665496,2.937005274427744
2016 Spring,12.52438202976733,-16.590527482843655,-15.303583530341118
2016 Fall,4.504876405953935,2.6819056659477547,2.939279094045987
2017 Fall,13.514629126817166,8.045716997843265,8.817837282137962
