Categories,Lecture,Load,Grade
2012 Spring,4.605463942891673,2.6798604786113356,3.193587304426748
2012 Fall,13.207702391555276,-31.831337466607174,-8.332836790533076
2013 Fall,0.10132560325121998,-5.514133161115662,3.191385003731325
2016 Spring,13.027319714456217,-16.600723509372486,-14.032042918054419
2016 Fall,4.605463942891673,2.6798604786113356,3.193587304426748
2017 Fall,13.816391738344459,8.039581435834007,9.580761913280245
