Categories,Lecture,Load,Grade
2012 Spring,5.842192731929995,0.0,0.0
2012 Fall,29.21272164400193,-23.100329277146137,-11.908273056296384
2013 Fall,-3.373799866112059,-4.605429727112102,-8.813689328912009
2016 Spring,14.465621678295548,-20.81917484885289,-12.78993590693046
2016 Fall,-8.998380106111517,-0.5439371794736511,-9.078911005929406
2017 Fall,4.963839484522719,10.675325258581172,0.0
