Categories,Lecture,Load,Grade
2012 Spring,-10.0,-10.0,-10.0
2015 Spring,-5.97115424514007,-33.79948893885504,-35.37049554969254
2016 Spring,-17.216747944908693,-35.37049566924419,-30.0
2017 Spring,-34.90976510762241,-26.02796644946785,-27.701472440302425
2018 Spring,-20.0,-20.0,-20.0
