Categories,Lecture,Load,Grade
2012 Spring,100.0,100.0,100.0
2015 Spring,100.0,-36.599999999999994,-32.199999999999996
2016 Spring,-9.400000000000006,-77.4,-23.200000000000003
2017 Spring,-2.799999999999997,100.0,100.0
2018 Spring,100.0,100.0,100.0
