Categories,Lecture,Load,Grade
2012 Spring,4.504876405953935,2.6819056659477525,2.939279094045987
2015 Spring,18.019499878436193,-9.275682682903234,-8.313599330092021
2016 Spring,-2.8100185139296716,-36.590460255136385,-5.303604529770064
2017 Spring,-0.8056864530009644,10.727615572822838,11.745064122695332
2018 Spring,8.32727852592879,5.363811331891284,5.878558188091974
