Categories,Lecture,Load,Grade
2012 Spring,4.605463942891673,2.6798604786113334,3.193587304426748
2015 Spring,18.42185052026599,-9.283760560252919,-7.295822749780687
2016 Spring,-2.3321583741497953,-36.60068662445044,-4.032063477866259
2017 Spring,-0.41678020154652273,10.719435142974778,12.762497405804263
2018 Spring,8.538764959348974,5.359720957218752,6.387174608853496
