Categories,Lecture,Load,Grade
2012 Spring,5.842192731929995,-0.042793001008704264,0.0
2015 Spring,18.69464906132812,-16.515634208675976,-4.374929033010549
2016 Spring,1.345569839871421,-1.6348271847608444,-7.948207358997195
2017 Spring,7.737745354738665,-9.240139583454415,-11.908273056296384
2018 Spring,-8.374838017024157,-7.208635567877174,0.1426384584189757
