Categories,Lecture,Load,Grade
2012 Spring,100.0,100.0,100.0
2015 Fall,42.199999999999996,-36.599999999999994,100.0
2016 Spring,-20.0,18.799999999999997,25.0
2017 Spring,-18.599999999999994,100.0,35.0
