Categories,Lecture,Load,Grade
2012 Spring,9.210927885783342,5.359720957222671,6.387174608853394
2015 Fall,8.420888822114872,-9.27933875940969,12.774345319476176
2016 Spring,-6.22532000740452,3.399281078550043,5.967933510694531
2017 Spring,-8.178856925831237,16.074332683651363,9.161523826560488
