Categories,Lecture,Load,Grade
2012 Spring,19.57609119736476,14.19934646973931,9.592466461956096
2015 Fall,12.086263148458682,-14.733021978826132,-22.608090037838984
2016 Spring,-2.824539392281128,-21.30046248708084,-9.842550677694444
2017 Spring,3.6543694588459026,-27.34247091013172,3.812048023108864
