Categories,Lecture,Load,Grade
2012 Spring,-2.6974847697860316,-19.999999990834127,-20.0
2015 Fall,-26.698728760364745,-33.15977754713267,-39.999999926656685
2016 Spring,-27.08687315965663,-39.99999929624866,-39.99999999999999
2017 Spring,-38.30105747393321,-59.51175138442497,-50.0
