Categories,Lecture,Load,Grade
2012 Spring,9.009752811907866,5.363811331895509,5.878558188091865
2015 Fall,8.01852487222503,-9.27106792852052,11.757111954575336
2016 Spring,-6.725387199001785,3.409506543810773,4.6963923421311735
2017 Spring,-8.281509509992961,16.085920755974794,7.635674564275921
