Categories,2012 봄,2013 봄
Lecture,0.9874940753962897,0.6952668661796847
Load,0.0,1.788767505270573
Grade,0.0,0.0
