Categories,Lecture,Load,Grade
2012 Spring,9.874940753962898,-9.999999990447275,-9.999999968283838
2013 Spring,-4.629504330019647,-19.99999999981628,-19.999999968283838
