Categories,Lecture,Load,Grade
2012 Spring,4.605463941481693,2.678846999351705,3.193587301779756
2013 Spring,9.210927683450738,-14.640279042174857,6.387174608782416
