Categories,Lecture,Load,Grade
2012 Spring,9.874940753962898,0.0,0.0
2013 Spring,13.905337323593695,-11.925116701803821,0.0
