Categories,Lecture,Load,Grade
2012 Spring,4.504876404433146,2.680842944316899,2.939279091152456
2013 Spring,9.009752589807924,-14.636188667435446,5.878558188009279
