Categories,Lecture,Load,Grade
2011 Fall,100.0,-100.0,100.0
2012 Fall,24.200000000000003,100.0,100.0
2013 Spring,100.0,100.0,100.0
2014 Spring,100.0,100.0,100.0
2015 Fall,-35.400000000000006,100.0,42.800000000000004
2016 Spring,-7.400000000000006,100.0,100.0
2016 Fall,-100.0,-73.0,100.0
2017 Spring,-16.799999999999997,-33.0,18.599999999999994
2017 Fall,-10.0,100.0,100.0
2018 Spring,7.599999999999994,100.0,100.0
