Categories,Lecture,Load,Grade
2012 Fall,-4.9878399608792385,0.522662113079666,0.0
2014 Fall,0.0,1.097976239231812,0.0
2016 Fall,6.264042400807519,-0.9231625607584508,-5.370495669980353
