Categories,2012 가을,2014 가을,2016 가을
Lecture,0.9975679921758477,0.0,1.5379813820017356
Load,0.05226621130796666,0.1097976239231812,1.7805754907187394
Grade,0.0,0.0,0.805574350497053
