Categories,Lecture,Load,Grade
2012 Fall,3.9763907393736506,2.6819056659477547,2.939279094045987
2014 Fall,4.5048764058470026,-16.95070933755488,-7.060720905954013
2016 Fall,9.00975281190787,5.309884054429499,5.878558188091974
