Categories,Lecture,Load,Grade
2012 Fall,4.083223279196179,2.6798604786113356,3.193587304426748
2014 Fall,4.605463942805136,-16.96427282733796,-6.806412695573252
2016 Fall,9.210927885783345,5.307218831037385,6.387174608853496
