Categories,Lecture,Load,Grade
2012 Fall,-4.9878399608792385,-9.999999964785632,-10.0
2014 Fall,-9.936457881722868,1.097976239231812,0.0
2016 Fall,-19.99999946021413,-19.999892004120888,-20.0
