Categories,Lecture,Load,Grade
2011 Fall,100.0,100.0,100.0
2012 Spring,100.0,100.0,100.0
2012 Fall,10.400000000000006,-81.19999999999999,-59.0
2013 Spring,100.0,100.0,100.0
2013 Fall,100.0,-100.0,100.0
2015 Spring,100.0,100.0,100.0
2015 Fall,100.0,-23.400000000000006,100.0
2016 Spring,-135.6,100.0,100.0
2016 Fall,-12.400000000000006,-50.800000000000004,-46.400000000000006
2017 Spring,100.0,100.0,100.0
2017 Fall,10.400000000000006,-50.800000000000004,25.0
2018 Spring,-8.0,100.0,100.0
