Categories,Lecture,Load,Grade
2012 Fall,6.735999002830767,-24.827268286188897,-17.13818849794983
2014 Fall,2.4305306296403266,-3.3813360496764187,-5.02005467555356
2015 Fall,11.804988306692657,-16.41359931644029,4.808727969358422
2016 Fall,3.285251514182967,-21.09500288128752,-33.73442627401207
2017 Fall,8.532793274028682,-8.683648390414302,-6.537777386316032
