Categories,Lecture,Load,Grade
2012 Fall,53.199999999999996,-23.400000000000006,-18.400000000000006
2014 Fall,100.0,-100.0,100.0
2015 Fall,33.199999999999996,13.0,100.0
2016 Fall,-60.199999999999996,-1.7999999999999972,-11.799999999999997
2017 Fall,100.0,100.0,100.0
