Categories,Lecture,Load,Grade
2012 Fall,12.524382028753083,-6.408017164807772,-5.303666304080185
2014 Fall,4.5048754630810715,-10.135190878140731,2.939279035744077
2015 Fall,8.985106033095956,2.3084951756525323,14.696395470229934
2016 Fall,-40.4573782030155,-0.7553142697171786,-6.260511592994774
2017 Fall,9.00975281190787,5.363811331876448,5.878558188091974
