Categories,Lecture,Load,Grade
2012 Fall,13.02731971351705,-6.4234334433019065,-4.032121801878004
2014 Fall,4.605463027493304,-10.072894061693372,3.193587249475783
2015 Fall,8.769155379046259,2.798557872236892,15.96793652213374
2016 Fall,-40.17615000361523,-0.7492086140266743,-3.458427711771904
2017 Fall,9.210927885783345,5.3597209572043045,6.387174608853496
