Categories,Lecture,Load,Grade
2012 Spring,100.0,100.0,100.0
2013 Spring,42.199999999999996,-36.599999999999994,100.0
2014 Spring,100.0,100.0,100.0
2014 Fall,100.0,100.0,100.0
2015 Spring,100.0,100.0,100.0
2015 Fall,100.0,100.0,100.0
2016 Spring,100.0,4.799999999999997,11.0
2016 Fall,66.19999999999999,-3.200000000000003,100.0
2017 Spring,76.19999999999999,53.400000000000006,100.0
2017 Fall,12.599999999999994,44.0,49.0
2018 Spring,-26.400000000000006,-79.6,100.0
