Categories,Lecture,Load,Grade
2012 Fall,-39.936457881722866,-46.03872439623374,-49.5325352556542
2014 Fall,-9.944885903090434,-9.99999999527504,-10.0
2015 Fall,-50.0,-50.0,-50.0
2016 Fall,-43.6840356300459,-68.48916481469199,-71.20644333068003
2017 Fall,-20.0,-20.0,-20.0
