Categories,Lecture,Load,Grade
2011 Fall,-55.0,-124.80000000000001,100.0
2012 Fall,100.0,-65.6,100.0
2013 Fall,-100.0,-73.19999999999999,100.0
2014 Spring,100.0,100.0,100.0
2014 Fall,-100.0,-100.0,-100.0
2015 Spring,-100.0,-100.0,-70.6
2015 Fall,-100.0,-100.0,100.0
2016 Spring,-41.800000000000004,-100.0,-65.6
2016 Fall,100.0,-52.800000000000004,100.0
2017 Spring,-68.4,-93.80000000000001,2.0
2017 Fall,-93.4,-89.0,4.599999999999994
2018 Spring,-58.800000000000004,-79.6,-46.400000000000006
