Categories,Lecture,Load,Grade
2014 Spring,100.0,-100.0,100.0
2016 Fall,66.19999999999999,31.199999999999996,42.800000000000004
2017 Fall,53.199999999999996,100.0,100.0
2018 Spring,100.0,100.0,100.0
