Categories,Lecture,Load,Grade
2014 Spring,-1.3604079181724618,-9.998958843625864,-5.75675553241579
2016 Fall,27.954344606286114,-28.86930475029559,6.589733576558317
2017 Fall,-2.6133955004687284,-26.835933470309634,-12.969879024469346
2018 Spring,11.920533682767664,-19.558598885470886,2.9564926413208394
