Categories,Lecture,Load,Grade
2014 Spring,4.605463889124093,-17.320139521388665,3.193587304426748
2016 Fall,22.238245555150783,6.827201541268268,12.355111130568575
2017 Fall,13.024358734009637,13.399296226378084,15.967913321514049
2018 Spring,9.210927885783345,5.359720957222219,6.387174608853496
