Categories,Lecture,Load,Grade
2014 Spring,-10.0,-10.0,-10.0
2016 Fall,-44.7403872237087,-59.99999999315416,-59.99999996828384
2017 Fall,-39.996017114381104,-48.6675648013038,-49.99999653434979
2018 Spring,-20.0,-20.0,-20.0
