Categories,Lecture,Load,Grade
2014 Spring,4.50487634889264,-17.318094334052244,2.939279094045987
2016 Fall,21.53413242753893,6.644037424748271,10.574953657850983
2017 Fall,12.521381233729384,13.409522050622364,14.69637005423644
2018 Spring,9.00975281190787,5.363811331895024,5.878558188091974
