Categories,Lecture,Load,Grade
2015 Spring,-3.3776232005964446,-3.3776232005964446,0.0
2016 Spring,-10.0,-10.0,-10.0
2016 Fall,-10.0,-6.525347705337192,-6.187951976891136
2017 Spring,5.370495669980353,-8.830380925534156,0.0
2017 Fall,-9.999936205958154,-19.999999999318813,-19.999999999999993
2018 Spring,-29.99999463666436,-30.0,-30.0
