Categories,Lecture,Load,Grade
2015 Spring,-2.9334005799527056,0.0,0.0
2016 Spring,9.829459804256409,0.0,0.0
2016 Fall,6.178608645597893,9.982056098862971,11.4437112533966
2017 Spring,5.370495669980353,0.0,0.0
2017 Fall,8.534841653613341,-13.044429798130405,-7.771793657930587
2018 Spring,13.680051020655203,-22.25643321634803,-8.420485184002962
