Categories,Lecture,Load,Grade
2015 Spring,-15.394536053267151,-17.32013951754749,-6.806412695573252
2016 Spring,4.605463942891673,2.6798604782788003,3.193587304426748
2016 Fall,-0.7890721142166548,5.359720477168327,6.387161152158917
2017 Spring,-0.7890721596962162,-34.64027278457439,-13.612825391146504
2017 Fall,-0.7890721142166548,-13.597750414138407,6.387174519104194
2018 Spring,13.663369821187278,-17.51689843626445,9.580761913280242
