Categories,Lecture,Load,Grade
2015 Spring,-15.495123587390665,-17.318094327396846,-7.060720905954013
2016 Spring,4.504876405953935,2.6819056655920304,2.939279094045987
2016 Fall,-0.9902471880921304,5.363810350609063,5.87853417479939
2017 Spring,-0.9902472415143935,-34.636181603978386,-14.121441811908026
2017 Fall,-0.9902471880921304,-13.603364309193022,5.878558092951408
2018 Spring,13.361284732718655,-17.562296377500367,8.817837282137958
