Categories,Lecture,Load,Grade
2015 Spring,-100.0,-100.0,-100.0
2016 Spring,100.0,100.0,100.0
2016 Fall,-10.0,100.0,100.0
2017 Spring,-10.0,-100.0,-100.0
2017 Fall,-10.0,-71.80000000000001,100.0
2018 Spring,100.0,-102.80000000000001,100.0
