Categories,Lecture,Load,Grade
2012 Spring,-10.0,-10.0,-10.0
2013 Spring,-9.974898746223591,-9.99999999986371,-10.0
2013 Fall,-12.129717414092418,-29.999999999986887,-30.0
2014 Spring,-9.99358145205479,-9.999999999867267,-9.999999967365955
2015 Spring,-20.0,-20.0,-20.0
2016 Fall,-39.943798402255766,-39.99999997395662,-39.999999996695394
2017 Spring,-30.0,-30.0,-30.0
