Categories,Lecture,Load,Grade
2012 Spring,0.0,-4.794279287770685,0.0
2013 Spring,-4.344392151553123,-9.914424749008809,-9.720770766212572
2013 Fall,7.460082601863608,-24.8936107127006,7.631663230287735
2014 Spring,-8.169860872291663,-9.485350426670117,0.1426384584189757
2015 Spring,8.777501335860638,-1.6752425829120288,2.261167560307382
2016 Fall,-15.733796421188854,-14.89886127846361,-8.774989051051884
2017 Spring,-8.780815237472362,-15.837462161891033,-6.355120213202317
