Categories,Lecture,Load,Grade
2012 Spring,100.0,-100.0,100.0
2013 Spring,100.0,-100.0,100.0
2013 Fall,100.0,-84.4,100.0
2014 Spring,100.0,-100.0,100.0
2015 Spring,100.0,100.0,100.0
2016 Fall,100.0,100.0,100.0
2017 Spring,42.199999999999996,4.799999999999997,11.0
