Categories,Lecture,Load,Grade
2012 Spring,4.605463942887952,-17.247082610719847,3.193587304426748
2013 Spring,4.605458761966672,-17.312207990911688,3.193586403312967
2013 Fall,13.816391828675007,-29.05803820717332,9.580761913280245
2014 Spring,4.600897352578851,-17.320139489357018,3.193587304426717
2015 Spring,9.210927885783345,5.173314001579849,6.387174608853496
2016 Fall,18.42173211975461,10.719441244198812,12.77434919809984
2017 Spring,8.421449095662483,0.7194419144452553,2.774349217706993
