Categories,Lecture,Load,Grade
2012 Spring,4.504876405949492,-17.24330850535953,2.939279094045987
2013 Spring,4.504871187906345,-17.3107638635772,2.9392781669767345
2013 Fall,13.514629217861794,-29.08712917689457,8.817837282137962
2014 Spring,4.5002096787116805,-17.318094300796428,2.9392790940459523
2015 Spring,9.00975281190787,5.1723842741943376,5.878558188091974
2016 Fall,18.019377224943373,10.727621962708131,11.757116355541992
2017 Spring,8.019097393694501,0.72762266379093,1.7571163761839488
