Categories,Lecture,Load,Grade
2017 Spring,22.238247600239312,-28.695972702085,2.3553523186442256
2018 Spring,9.210927885783345,5.359720955187429,6.387174608853496
