Categories,Lecture,Load,Grade
2017 Spring,-52.77113507518992,-59.999999999965326,-66.53777738631604
2018 Spring,-20.0,-20.0,-20.0
