Categories,Lecture,Load,Grade
2017 Spring,66.19999999999999,-57.199999999999996,1.5999999999999943
2018 Spring,100.0,100.0,100.0
