Categories,Lecture,Load,Grade
2017 Spring,27.356055235925258,-54.4009206233234,-28.419758623639556
2018 Spring,14.925635697068099,-3.1800273537225427,-2.2245997019654604
