Categories,2017 봄,2018 봄
Lecture,1.9520549691064737,0.746281784853405
Load,6.217248071236961,0.9306672577402917
Grade,4.641498224501784,1.9809623620314563
