Categories,Lecture,Load,Grade
2017 Spring,21.53413484167511,-28.77553181949239,0.5752119764459493
2018 Spring,9.00975281190787,5.3638113297802335,5.878558188091974
