Categories,Lecture,Load,Grade
2012 Spring,4.504876405953935,2.6819056659477547,2.939279094045987
2016 Spring,8.019503563655446,-9.272377336209356,1.7570253078198386
2017 Spring,9.009752787958803,5.363811331895509,5.878558188091974
2018 Spring,18.019505565217955,10.727622663791019,11.757116376183948
