Categories,Lecture,Load,Grade
2012 Spring,100.0,100.0,100.0
2016 Spring,42.199999999999996,-46.400000000000006,11.0
2017 Spring,100.0,100.0,100.0
2018 Spring,100.0,100.0,100.0
