Categories,Lecture,Load,Grade
2012 Spring,4.605463942891673,2.6798604786113356,3.193587304426748
2016 Spring,8.421854129555516,-9.280558085554995,2.774275543810546
2017 Spring,9.210927862925864,5.359720957222671,6.387174608853496
2018 Spring,18.42185571417871,10.719441914445342,12.774349217706993
