Categories,Lecture,Load,Grade
2012 Spring,-0.8203178958895484,0.0,0.0
2016 Spring,20.863107372917593,0.8484421012051171,0.9955666369698037
2017 Spring,-6.640367702678489,-18.297684360179694,2.9034985936683464
2018 Spring,16.05014089245126,-13.602439905261694,0.20509130112610308
