Categories,Lecture,Load,Grade
2012 Spring,-10.0,-10.0,-10.0
2016 Spring,-14.149316598995267,-20.0,-29.999659291449326
2017 Spring,-20.0,-20.0,-20.0
2018 Spring,-40.0,-40.0,-40.0
