Categories,Lecture,Load,Grade
2013 Spring,100.0,-100.0,100.0
2015 Spring,-100.0,-100.0,100.0
2016 Spring,-100.0,-53.0,-48.800000000000004
2016 Fall,-10.0,100.0,100.0
2017 Spring,-55.0,100.0,-70.6
2017 Fall,-55.0,100.0,100.0
2018 Spring,-55.0,-46.400000000000006,-70.6
