Categories,Lecture,Load,Grade
2016 Spring,13.654745017637008,-16.89711617255135,2.1293452835214817
2018 Spring,7.224345537373702,7.635325079276696,2.148923918706677
