Categories,Lecture,Load,Grade
2016 Spring,100.0,100.0,100.0
2018 Spring,-35.0,-46.400000000000006,-41.199999999999996
