Categories,Lecture,Load,Grade
2016 Spring,9.00975281190787,5.363811331895509,5.878558188091974
2018 Spring,-9.74489343173433,-9.272377336209393,-8.242883623816052
