Categories,Lecture,Load,Grade
2013 Spring,0.0,0.0,0.0
2015 Spring,0.0,0.4521534424400848,0.0
2016 Spring,-2.9586388842364912,-10.904170004157084,0.0
2016 Fall,4.960549775981455,4.632713048795271,3.812048023108864
2017 Spring,-0.12804904341218126,-10.337131745232972,-1.1820260986242737
2017 Fall,-18.554950365618296,3.409101335101108,-3.1464897793387734
2018 Spring,11.198325123459455,-6.372051066834999,0.0
