Categories,Lecture,Load,Grade
2013 Spring,-9.936457881722868,0.0,-9.999999926656688
2015 Spring,0.0,2.1742091063235867,-9.999999999876469
2016 Spring,-10.781097882290997,-10.103823528227295,-28.807219530799763
2016 Fall,-10.0,-5.367286951204729,-6.187951976891136
2017 Spring,-19.855100829539502,-4.966543760651096,-19.99999999972411
2017 Fall,-20.0,-20.0,-20.0
2018 Spring,-5.644978860845197,-10.0,-18.853516482022627
