Categories,2016 가을
Lecture,1.3280735405356978
Load,1.2130985465218462
Grade,0.0
