Categories,Lecture,Load,Grade
2016 Fall,4.503718861067707,2.6818976329792754,2.939279094045987
