Categories,Lecture,Load,Grade
2016 Fall,4.604320902875153,2.67985257041894,3.193587304426748
