Categories,Lecture,Load,Grade
2016 Fall,-6.640367702678489,-6.065492732609231,0.0
