Categories,Lecture,Load,Grade
2013 Spring,4.5048764059539215,-7.318094334052246,2.939279024759446
2015 Spring,-5.495123594046065,-17.237092881879352,2.939279094041808
2016 Spring,-36.48537078213816,-12.008069679921395,-11.182162717971325
2016 Fall,-0.9902471883128516,5.363764949636632,5.877756646572921
2017 Spring,-10.990247188113043,5.362256970378626,-14.121441812412456
2017 Fall,-10.99024741235435,5.363811331895509,5.878558188091974
2018 Spring,-10.99024718809213,-4.636188699686468,-14.121441811908028
