Categories,2016 봄,2018 봄
Lecture,0.6827372508818504,1.9095693164024081
Load,2.5345674258827025,0.3817662539638348
Grade,1.9861407486691975,1.142247460482693
