Categories,Lecture,Load,Grade
2016 Spring,9.210927885783345,5.359720957222671,6.387174608853496
2018 Spring,-9.332833665916535,-9.280558085555057,-7.225650782293008
