Categories,Lecture,Load,Grade
2013 Spring,-6.220293397019172,-9.679836931103994,-3.504581833144
2017 Fall,-30.0,-30.0,-30.0
