Categories,2013 봄,2017 가을
Lecture,0.985661204391469,0.3309036575017642
Load,1.3701230933007222,2.784227406585693
Grade,1.0740991339960706,1.438327048153389
