Categories,Lecture,Load,Grade
2014 Fall,9.53172444174507,2.913126124515909,2.2985275596975745
