Categories,Lecture,Load,Grade
2013 Spring,4.504876405953768,2.6670830886761223,2.2703047148190514
2017 Fall,13.514440775274165,8.045716997843265,8.817837282137962
