Categories,Lecture,Load,Grade
2013 Spring,9.85661204391469,-6.850615466503611,-5.370495669980353
2017 Fall,2.1250218244375407,-8.000663617348206,2.527316270290058
