Categories,Lecture,Load,Grade
2013 Spring,4.60546394289151,2.665139009342826,2.5266770915145633
2017 Fall,13.816206521948716,8.039581435834007,9.580761913280245
