Categories,2014 가을
Lecture,0.9531724441745069
Load,0.2913126124515909
Grade,0.0
