Categories,Lecture,Load,Grade
2014 Fall,4.504856881664717,2.6799793130186558,2.9392782771711023
