Categories,Lecture,Load,Grade
2014 Fall,4.605445802115289,2.678026437907368,3.1935865581226066
