Categories,Lecture,Load,Grade
2017 Fall,4.5048764058980275,2.6819056659477547,2.939279094045987
