Categories,Lecture,Load,Grade
2012 Fall,-100.0,-15.400000000000006,-9.200000000000003
2015 Spring,-100.0,-100.0,-41.199999999999996
2017 Spring,100.0,100.0,100.0
2018 Spring,-38.199999999999996,-23.400000000000006,100.0
