Categories,Lecture,Load,Grade
2016 Spring,4.605463942891673,2.6776567076575564,3.193587304426748
2017 Spring,4.605463942891673,2.679860475621818,3.193587304426748
2018 Spring,4.605463942891673,2.6798604786113356,3.193587304426748
