Categories,Lecture,Load,Grade
2017 Fall,4.605463942836842,2.6798604786113356,3.193587304426748
