Categories,Lecture,Load,Grade
2016 Spring,7.181209465014091,-9.246939797926633,7.631663230287735
2017 Spring,5.370495669980353,-8.619797365264748,-5.370495669980353
2018 Spring,9.719231254817318,-5.74722213305861,-0.7795557617461504
