Categories,Lecture,Load,Grade
2012 Fall,-26.183529890604625,-1.9611730680319646,-0.4192380969499707
2015 Spring,-10.789072114216655,-24.64027904277733,-3.61282539123894
2017 Spring,4.604425901837938,2.6798604786113356,3.193587304426748
2018 Spring,-16.205149385307735,-6.600697606943367,7.740576177612849
