Categories,Lecture,Load,Grade
2012 Fall,-5.068555079353851,-6.992855604131676,0.0
2015 Spring,0.0,-9.971810679732942,0.0
2017 Spring,0.0,-9.267366251076023,0.9966799462495581
2018 Spring,-5.862871156913014,-12.001628591239431,-8.352681841067565
