Categories,Lecture,Load,Grade
2012 Fall,-9.995789015521455,-19.999999988756777,-19.999999936567676
2015 Spring,0.0,-9.999999999999913,-9.999999968283838
2017 Spring,-9.999994957138066,-10.0,-9.99999999999999
2018 Spring,-36.030888400521185,-49.146009010066166,-41.59683601663652
