Categories,Lecture,Load,Grade
2016 Spring,4.504876405953935,2.6796237912022924,2.939279094045987
2017 Spring,4.504876405953935,2.6819056628307236,2.939279094045987
2018 Spring,4.504876405953935,2.6819056659477547,2.939279094045987
