Categories,Lecture,Load,Grade
2017 Fall,0.011703086779006427,0.07175687405092838,5.370495669980353
