Categories,Lecture,Load,Grade
2012 Fall,-26.48529090366548,-1.9550739634282532,-1.1821627287307699
2015 Spring,-10.99024718809213,-24.636188668104488,-4.121441812014659
2017 Spring,4.503805227484988,2.6819056659477547,2.939279094045987
2018 Spring,-16.703721475288656,-6.5904716702612784,6.4628949528625
