Categories,2017 가을
Lecture,0.0011703086779007537
Load,0.007175687405092832
Grade,0.5370495669980353
