Categories,Lecture,Load,Grade
2016 Spring,4.504876405953935,2.6819056658934315,2.939279094045987
