Categories,Lecture,Load,Grade
2013 Fall,-5.495123594046065,2.681902672595622,2.9392782000747353
2016 Fall,4.504876103502147,-17.31809433374537,-17.060720069129598
2018 Spring,13.514629217861804,8.045716997843265,8.817837282137962
