Categories,Lecture,Load,Grade
2016 Spring,4.605463942891673,2.6798604785675186,3.193587304426748
