Categories,Lecture,Load,Grade
2016 Spring,8.065832982939293,-6.038724396234322,6.735281795571031
