Categories,Lecture,Load,Grade
2017 Fall,13.816391824793309,8.039581435824665,9.580761913280245
