Categories,Lecture,Load,Grade
2017 Fall,28.55591915234894,-18.12547935323792,-10.346262247718112
