Categories,Lecture,Load,Grade
2013 Fall,-5.394536057108327,2.679857567954662,3.1935864370234057
2016 Fall,4.605463746249548,-17.320139521219463,-16.806412138102438
2018 Spring,13.816391828675018,8.039581435834007,9.580761913280245
