Categories,2016 봄
Lecture,0.8065832982939293
Load,1.2077448792468644
Grade,0.6735281795571031
