Categories,2017 가을
Lecture,0.9518639717449647
Load,2.4167305804317225
Grade,1.3795016330290817
