Categories,Lecture,Load,Grade
2013 Fall,0.0,-9.026661129925738,5.370495669980353
2016 Fall,5.842192731929995,-7.162978701990244,-5.370495669980353
2018 Spring,-29.99999999805195,-30.0,-30.0
