Categories,Lecture,Load,Grade
2017 Fall,13.514629213929913,8.045716997833672,8.817837282137962
