Categories,Lecture,Load,Grade
2013 Fall,0.0,-2.59677402409015,5.370495669980353
2016 Fall,5.842192731929995,-7.162978701990244,-5.370495669980353
2018 Spring,24.63104886216893,-17.36866788157242,8.344770669897146
