Categories,2017 가을
Lecture,0.9531724441745069
Load,1.4852075535662692
Grade,0.805574350497053
