Categories,Lecture,Load,Grade
2017 Fall,-0.7890721142176069,-24.64027904277733,-23.611608586698765
