Categories,Lecture,Load,Grade
2017 Fall,9.53172444174507,-9.901383690441794,-5.370495669980353
