Categories,Lecture,Load,Grade
2014 Fall,-5.394536057108327,2.6798604247326194,3.193587304426748
2017 Fall,-1.5781442285787275,-9.279840964513427,12.774349217706993
