Categories,Lecture,Load,Grade
2014 Fall,-100.0,100.0,100.0
2017 Fall,-6.799999999999997,-36.599999999999994,100.0
