Categories,2017 가을
Lecture,0.5826252249031819
Load,1.9820854414264242
Grade,1.0740991339960706
