Categories,Lecture,Load,Grade
2017 Fall,4.552213261626591,-17.32013951236944,3.193587281618997
