Categories,Lecture,Load,Grade
2014 Fall,0.0,4.632713048795271,3.812048023108864
2017 Fall,11.59425390373057,-10.94536668117493,10.54172983036022
