Categories,2014 가을,2017 가을
Lecture,0.0,3.197450591343084
Load,0.4632713048795271,3.267510202424551
Grade,0.3812048023108864,1.3558831172093626
