Categories,Lecture,Load,Grade
2014 Fall,-5.495123594046065,2.6819056087696236,2.939279094045987
2017 Fall,-1.9804943763402711,-9.27172124087644,11.757116376183948
