Categories,Lecture,Load,Grade
2014 Fall,0.0,-9.999999973956623,-9.999999886949851
2017 Fall,-40.0,-40.0,-40.0
