Categories,Lecture,Load,Grade
2017 Fall,-7.653199287894942,-9.992641826803219,-5.370495669980353
