Categories,Lecture,Load,Grade
2017 Fall,-2.9131261245159097,-9.910427207132122,-5.370495669980353
