Categories,Lecture,Load,Grade
2017 Fall,-0.9902471880931145,-24.636188668104488,-24.12021219677278
