Categories,Lecture,Load,Grade
2017 Fall,-9.999997232418377,-10.0,-9.999999999999998
