Categories,Lecture,Load,Grade
2017 Fall,4.451049668466734,-17.31809432481259,2.9392790700083014
