Categories,Lecture,Load,Grade
2016 Fall,-5.394536057108327,-7.320139521388665,-6.806412695573252
