Categories,Lecture,Load,Grade
2016 Fall,-5.495123594046065,-7.318094334052246,-7.060720905954013
