Categories,Lecture,Load,Grade
2017 Spring,0.0,-9.999999968283838,-9.999999968283838
