Categories,2015 가을,2016 가을,2017 가을,2018 봄
Lecture,0.845009244249113,1.6201831771321975,2.7697780508727705,0.6599818258295524
Load,1.3985711208263352,1.8208951736524437,4.970743101940382,3.842232510026809
Grade,0.5370495669980353,0.0423918175636007,4.744141040983516,0.8152640436431151
