Categories,Lecture,Load,Grade
2015 Fall,4.13301545306121,2.6818986834894654,2.939279094045987
2016 Fall,-1.9804943761842608,-9.27238268091062,-8.242883623816052
2017 Fall,3.0682243549992663,-62.45331642784812,-28.84670596402924
2018 Spring,20.53346584051044,14.137150975272926,6.45351184641388
