Categories,Lecture,Load,Grade
2017 Spring,-5.495123594046065,2.681905665947669,2.939279094044501
