Categories,Lecture,Load,Grade
2017 Spring,-5.394536057108327,2.6798604786112765,3.193587304425699
