Categories,Lecture,Load,Grade
2015 Fall,8.450092442491128,-6.992855604131676,5.370495669980353
2016 Fall,-0.7981749707484944,-13.656713802393327,0.847836351272014
2017 Fall,16.991625237675827,-32.33000151679735,-20.46013099610522
2018 Spring,26.399273033182098,-11.601743047370668,10.133202682614588
