Categories,Lecture,Load,Grade
2015 Fall,4.235383158419883,2.6798537139307985,3.193587304426748
2016 Fall,3.816391828675016,-1.9604237089883618,-0.4192380867197558
2017 Fall,4.47645126403669,-62.48194784623198,-25.286428423696506
2018 Spring,21.438997485674395,14.118744289711685,8.742285739840735
