Categories,Lecture,Load,Grade
2015 Fall,100.0,100.0,100.0
2016 Fall,-10.0,-46.400000000000006,-41.199999999999996
2017 Fall,4.400000000000006,-62.400000000000006,-35.199999999999996
2018 Spring,48.199999999999996,49.199999999999996,18.599999999999994
