Categories,Lecture,Load,Grade
2015 Fall,4.123480752865448,-9.999999999852852,-9.999999994883765
2016 Fall,-20.0,-20.0,-20.0
2017 Fall,-60.125059246037104,-76.97695890320722,-88.57047158089875
2018 Spring,-69.99963626172479,-64.6295006578689,-69.99999999753683
