Categories,Lecture,Load,Grade
2012 Fall,4.605463942891673,2.6798604786110958,3.193587304426748
