Categories,2012 봄,2015 봄,2018 봄
Lecture,0.9531724441745069,0.0,0.5370495669980353
Load,0.0,1.2077448792468644,1.2077448792468644
Grade,0.0,0.0,0.0
