Categories,Lecture,Load,Grade
2012 Spring,4.605463942891673,2.679860478596935,3.193587304426748
2015 Spring,4.605463942891669,2.6798604786113356,3.193587304426748
2018 Spring,4.605463942891673,2.6798604786111757,3.193587304426748
