Categories,Lecture,Load,Grade
2012 Spring,9.53172444174507,0.0,0.0
2015 Spring,0.0,-6.038724396234322,0.0
2018 Spring,5.370495669980353,-6.038724396234322,0.0
