Categories,Lecture,Load,Grade
2018 Spring,-15.495122744909885,2.6817959463844163,2.9392790940304483
