Categories,Lecture,Load,Grade
2017 Fall,4.504876405541229,2.6819056532207286,2.939279094045987
