Categories,Lecture,Load,Grade
2017 Fall,-0.2807422906765989,-6.42926373477353,0.0
