Categories,Lecture,Load,Grade
2017 Fall,4.605463942499059,2.679860466612797,3.193587304426748
