Categories,Lecture,Load,Grade
2018 Spring,-15.394535304708777,2.679761739389569,3.19358730441425
