Categories,2017 가을
Lecture,0.056148458135319775
Load,1.2858527469547059
Grade,0.0
