Categories,Lecture,Load,Grade
2018 Spring,-0.9274994044022122,-9.999999990447275,-9.999999968283838
