Categories,Lecture,Load,Grade
2016 Fall,5.370495669980353,4.632713048795271,3.812048023108864
2017 Fall,0.0,8.51237663096134,0.0
