Categories,Lecture,Load,Grade
2016 Fall,4.605463942891673,2.6798604786113356,3.193587304426748
2017 Fall,4.605463942891671,2.6798604786113356,3.193587304426748
