Categories,Lecture,Load,Grade
2016 Fall,4.504876405953935,2.6819056659477547,2.939279094045987
2017 Fall,4.504876405953934,2.6819056659477547,2.939279094045987
