Categories,2016 가을,2017 가을
Lecture,0.5370495669980353,0.0
Load,0.4632713048795271,0.8512376630961339
Grade,0.3812048023108864,0.0
