Categories,Lecture,Load,Grade
2017 Spring,4.605463940605751,2.679738768282397,3.1935873030149766
