Categories,Lecture,Load,Grade
2017 Spring,4.504876403530313,2.6817781546400488,2.939279092523346
