Categories,Lecture,Load,Grade
2017 Spring,-9.936457881722868,-9.999999999998117,-9.999999968283838
