Categories,Lecture,Load,Grade
2018 Spring,4.504876405953934,2.6819055005026105,2.9392634357466574
