Categories,Lecture,Load,Grade
2018 Spring,9.53172444174507,-8.608902271657225,-5.370495669980353
