Categories,Lecture,Load,Grade
2018 Spring,-9.99998685511939,-9.999998471285744,-9.999997574489775
