Categories,Lecture,Load,Grade
2018 Spring,4.605463942891671,2.679860323363543,3.19357238091487
