Categories,2018 봄
Lecture,0.9531724441745069
Load,1.7217804543314452
Grade,1.0740991339960706
