Categories,Lecture,Load,Grade
2017 Fall,4.6054392823955626,-17.315568007241694,3.193587304425871
