Categories,2017 가을
Lecture,0.5259612776291301
Load,1.4318357137720885
Grade,0.0
