Categories,Lecture,Load,Grade
2017 Fall,4.504850228677632,-17.3133516006706,2.939279094044971
