Categories,Lecture,Load,Grade
2017 Fall,5.259612776291301,-7.159178568860442,-9.999999999876469
