Categories,Lecture,Load,Grade
2018 Spring,-0.7890721142166548,-4.64027904277733,-3.612825391146504
