Categories,Lecture,Load,Grade
2018 Spring,-0.9902471880921304,-4.6361886681044915,-4.121441811908026
