Categories,2018 봄
Lecture,0.4724111877660585
Load,0.26974830107479
Grade,0.47829655983254965
