Categories,Lecture,Load,Grade
2018 Spring,9.44822375532117,5.394966021495799,9.565931196650993
