Categories,Lecture,Load,Grade
2018 Spring,-10.0,-46.400000000000006,-41.199999999999996
