Categories,Lecture,Load,Grade
2018 Spring,-0.07816251399196972,-11.97375320224904,-10.0
