Categories,Lecture,Load,Grade
2018 Spring,9.210927885783297,-14.657615792262142,-3.612825391146504
