Categories,Lecture,Load,Grade
2018 Spring,9.009752811907815,-14.653467182531088,-4.121441811908026
