Categories,2018 봄
Lecture,0.9726780963876549
Load,1.3343221546642987
Grade,0.43696891867738635
