Categories,Lecture,Load,Grade
2018 Spring,19.4535619277531,-8.895481031095326,-2.913126124515909
