Categories,Lecture,Load,Grade
2012 Fall,4.605463942891673,2.6798604786113356,3.193587304426748
