Categories,Lecture,Load,Grade
2012 Fall,4.504876405953935,2.6819056659477547,2.939279094045987
