Course,Pos,Neg,PNS
Lecture,16.88450651725743,5.398649015511358,10.320586317822496
Load,5.772530114853282,16.52188673412564,20.890433671334154
Grade,5.029249430261746,16.52188673412564,11.776937781465069
