Course,Pos,Neg,PNS
Lecture,10.46081387996279,0.27580798717226596,1.6650968204626495
Load,2.5448446201055166,5.770727007295241,8.358890405048541
Grade,1.7271056294292562,5.770727007295241,2.362754463412369
