Course,Pos,Neg
Lecture,17.60440410320558,133.2753766447993
Load,5.25119184068472,169.99999998946242
Grade,0,189.9999833408016
