Course,Pos,Neg,PNS
Lecture,168.8450651725743,53.98649015511357,114.85857501746072
Load,57.72530114853283,165.21886734125638,-107.49356619272356
Grade,50.29249430261747,91.94436774223908,-41.65187343962161
