Course,Pos,Neg,PNS
Lecture,104.60813879962791,2.75807987172266,101.85005892790525
Load,25.448446201055166,57.707270072952404,-32.258823871897235
Grade,17.271056294292563,15.43363597808321,1.8374203162093536
