Course,Pos,Neg
Lecture,229.8953753691894,99.03303644243908
Load,163.4578430130302,17.320139517949492
Grade,188.42155663930498,40.41554732294789
