Course,Pos,Neg
Lecture,33.48509005022143,474.88215432958776
Load,7.0682603110861315,579.4577041926801
Grade,7.140012365823887,598.1988092286628
