Course,Pos,Neg
Lecture,78.10783361502048,21.57814422843331
Load,48.209164960892316,17.279088571885787
Grade,60.67815092167744,13.612825391146504
