Course,Pos,Neg,PNS
Lecture,18.909449613667984,7.234443011472682,14.82912191197042
Load,8.36596206084768,25.640280361657293,34.207162515686086
Grade,8.64049736522317,25.640280361657293,19.934124433176738
