Course,Pos,Neg
Lecture,27.58883527846872,99.45168208036537
Load,0,123.79252896855652
Grade,2.2985275596975745,116.25205589994937
