Course,Pos,Neg
Lecture,193.42941620585353,83.09007986096059
Load,120.59352295485367,56.542336007960756
Grade,146.90498772601475,27.22565078229301
