Course,Pos,Neg,PNS
Lecture,5.836229005953296,1.6250094493006337,3.880639718289159
Load,1.3939974251577867,5.2333520025581475,7.006355811583614
Grade,0,5.2333520025581475,4.563300996221599
