Course,Pos,Neg
Lecture,231.5264330800412,143.78962425434582
Load,145.48311812092453,114.75686085038983
Grade,188.4215366710487,76.62173138365075
