Course,Pos,Neg
Lecture,54.75820339049885,5.394536057108327
Load,24.118264908950803,64.66515665298945
Grade,35.12725507574217,38.3328132584646
