Course,Pos,Neg,PNS
Lecture,126.01795473931293,80.38253443606604,45.63542030324689
Load,86.97578192601121,141.99921391244823,-55.02343198643702
Grade,93.47376531097434,31.594525399979844,61.8792399109945
