Course,Pos,Neg
Lecture,31.72309669844918,399.68252001694765
Load,15.700481728741126,424.45412632475467
Grade,15.064785098476204,438.4665473287281
