Course,Pos,Neg,PNS
Lecture,189.09449613667977,72.3444301147268,116.75006602195296
Load,83.65962060847681,256.4028036165729,-172.74318300809608
Grade,86.40497365223166,136.80577306731826,-50.400799415086595
