Course,Pos,Neg,PNS
Lecture,58.36229005953295,16.250094493006337,42.112195566526616
Load,13.939974251577867,52.33352002558147,-38.393545774003606
Grade,0,42.59080929806826,-42.59080929806826
