Course,Pos,Neg,PNS
Lecture,12.601795473931293,8.038253443606607,13.122855070489221
Load,8.69757819260112,14.199921391244821,22.428531847674382
Grade,9.347376531097435,14.199921391244821,5.665177843970911
