Course,Pos,Neg
Lecture,31.087140524010028,500.50049315819183
Load,14.381265309593545,547.7696071294187
Grade,1.8780863216773942,602.5634427222966
