Course,Pos,Neg
Lecture,59.1987091026462,30.38156825583588
Load,32.15424566104153,59.27967626694003
Grade,41.4346099780648,30.419236886627232
