Course,Pos,Neg
Lecture,17.073390599709317,105.17105789738049
Load,3.9720335505321507,129.16998460809924
Grade,2.2985275596975745,125.37049554969255
