Course,Pos,Neg,PNS
Lecture,4.159856129399861,1.6353242323154569,3.608927788326401
Load,1.0986403255876003,4.562843280165311,5.906808853491841
Grade,0.11382050953887796,4.562843280165311,3.101215837343841
