Course,Pos,Neg,PNS
Lecture,41.598561293998614,16.353242323154568,25.245318970844046
Load,10.986403255876002,45.62843280165312,-34.64202954577712
Grade,1.1382050953887795,25.226976085273936,-24.088770989885155
