Course,Pos,Neg
Lecture,20.07225339864457,114.85639756238521
Load,0,152.67152821864042
Grade,0,149.9999999266567
