Course,Pos,Neg,PNS
Lecture,6.184566712221166,2.935348270982343,6.5578706211003714
Load,1.882051757358002,6.799712647987939,8.787005763371528
Grade,1.8775010155045315,6.799712647987939,5.164370038096498
