Course,Pos,Neg,PNS
Lecture,61.84566712221165,29.35348270982343,32.49218441238822
Load,18.82051757358002,67.99712647987938,-49.176608906299364
Grade,18.775010155045315,37.82113638551378,-19.046126230468467
