Course,Pos,Neg
Lecture,55.262539603799475,52.03489982913701
Load,40.193055676630564,24.639059716616167
Grade,47.903802656731095,13.612825391146504
