Course,Pos,Neg
Lecture,32.76589285398723,475.7509318570676
Load,8.711069116015992,537.7715741869179
Grade,13.520305200905874,557.608419626963
