Course,Pos,Neg,PNS
Lecture,164.9181184842268,87.81882705352784,77.09929143069895
Load,76.02738154655091,273.713518704829,-197.68613715827811
Grade,81.95695994195012,125.42837278307898,-43.47141284112887
