Course,Pos,Neg,PNS
Lecture,16.491811848422685,8.781882705352785,15.015493767330051
Load,7.602738154655092,27.37135187048291,35.2179651133239
Grade,8.195695994195011,27.37135187048291,17.417794287791313
