Course,Pos,Neg
Lecture,219.8721043148285,117.89633964728
Load,124.87552062311336,181.84166859586065
Grade,169.25993398284587,114.45110981874606
