Course,Pos,Neg
Lecture,13.81639162493243,0
Load,5.358707477963041,17.320139520786192
Grade,9.580761910562172,0
