Course,Pos,Neg,PNS
Lecture,23.78027807755659,0,23.78027807755659
Load,0,11.925116701803821,-11.925116701803821
Grade,0,0.0,0.0
