Course,Pos,Neg,PNS
Lecture,2.378027807755659,0,0.792675935918553
Load,0,1.192511670180382,1.5900155602405093
Grade,0,1.192511670180382,0.0
