Course,Pos,Neg
Lecture,15.24543642394325,10.0
Load,0,29.999999990263554
Grade,0,29.999999936567676
