Course,Pos,Neg,PNS
Lecture,72.46709547376868,143.9089859192492,-71.44189044548052
Load,51.74762063112445,155.65160533482248,-103.90398470369803
Grade,55.5015562868681,103.36384872077947,-47.86229243391137
