Course,Pos,Neg
Lecture,156.57458690216296,201.24997452136256
Load,125.94372540125015,83.1908831236898
Grade,156.4857335990852,27.22565078229301
