Course,Pos,Neg,PNS
Lecture,7.246709547376868,14.390898591924918,20.40897355864424
Load,5.174762063112445,15.565160533482246,20.017378701061922
Grade,5.550155628686811,15.565160533482246,14.040710245731482
