Course,Pos,Neg
Lecture,28.550883195573334,373.5537476417618
Load,5.370495669980353,478.6956924255614
Grade,0,489.9999992501139
