Course,Pos,Neg,PNS
Lecture,11.286559683240217,6.254848101121581,13.074024186405174
Load,3.8536749918519813,13.898540410248156,18.916754712849404
Grade,3.838667824385071,13.898540410248156,9.951654048573944
