Course,Pos,Neg
Lecture,0,34.92429730281624
Load,1.097976239231812,29.999891968906518
Grade,0,30.0
