Course,Pos,Neg
Lecture,128.81340128974423,82.40454112808926
Load,77.71595365991851,143.19806587010663
Grade,105.3875958291717,70.82079562674011
