Course,Pos,Neg,PNS
Lecture,0.9910350968491454,0.8634148528563174,1.9345423031851017
Load,0.5916714702286348,0.521923891073332,1.502033551092875
Grade,0,0.521923891073332,0.6713119587475441
