Course,Pos,Neg
Lecture,0,311.06567222566497
Load,6.41447847790136,349.79747477696304
Grade,2.2985275596975745,348.3777155990099
