Course,Pos,Neg
Lecture,17.899615107784662,0
Load,7.9870793096487205,16.96427282733796
Grade,9.580761913280245,6.806412695573252
