Course,Pos,Neg,PNS
Lecture,112.86559683240216,62.54848101121581,50.31711582118635
Load,38.53674991851982,138.9854041024815,-100.4486541839617
Grade,38.38667824385071,73.8197993610054,-35.433121117154684
