Course,Pos,Neg,PNS
Lecture,9.910350968491453,8.634148528563173,1.27620243992828
Load,5.916714702286348,5.219238910733321,0.6974757915530274
Grade,0,5.370495669980353,-5.370495669980353
