Course,Pos,Neg,PNS
Lecture,57.361086321392264,24.571523594016867,32.7895627273754
Load,14.067418014310874,88.46827293831832,-74.40085492400745
Grade,18.972780306730723,76.59449917120381,-57.62171886447308
