Course,Pos,Neg
Lecture,5.329438803942934,168.89481821880213
Load,1.5108351434541412,196.0387243496549
Grade,8.793556667391947,209.53253525372617
