Course,Pos,Neg,PNS
Lecture,15.335559736279725,5.457746695732509,12.990724177599263
Load,5.008803564675135,11.988809079437644,17.56925226242538
Grade,7.316555181698134,11.988809079437644,7.514643232493627
