Course,Pos,Neg,PNS
Lecture,153.35559736279728,54.57746695732509,98.77813040547218
Load,50.08803564675135,119.88809079437644,-69.80005514762509
Grade,73.16555181698133,49.77973007470906,23.385821742272277
