Course,Pos,Neg,PNS
Lecture,5.736108632139226,2.4571523594016864,5.203302051527666
Load,1.4067418014310875,8.846827293831833,10.522126767710173
Grade,1.897278030673072,8.846827293831833,9.953768002535087
