Course,Pos,Neg
Lecture,165.79564958393786,52.3654102200803
Load,93.31513304668535,80.16696254894543
Grade,127.69594075980909,13.612825391146504
