Course,Pos,Neg
Lecture,26.28479688543363,329.15008124223993
Load,7.759279726441337,353.79948961223386
Grade,7.631663230287735,389.9999998143832
