Course,Pos,Neg
Lecture,69.08195654469512,73.64524054247036
Load,47.01355825373037,56.10081554331114
Grade,63.871683518576404,45.81353465176328
