Course,Pos,Neg,PNS
Lecture,49.86159755373047,182.07067013384193,-132.20907258011147
Load,12.870336623482189,258.9273846374297,-246.05704801394754
Grade,21.39668372831059,171.27858713383722,-149.88190340552663
