Course,Pos,Neg,PNS
Lecture,4.986159755373047,18.20706701338419,23.189830794263838
Load,1.2870336623482188,25.892738463742965,28.128219809903122
Grade,2.139668372831059,25.892738463742965,19.64455564567966
