Course,Pos,Neg
Lecture,78.16107939072204,334.8276970047307
Load,36.1103854351889,458.94216682520806
Grade,111.77473092091975,108.06404054473431
