Course,Pos,Neg
Lecture,16.17209214442356,311.3722909779705
Load,12.870336623482189,346.3621867630553
Grade,7.499840953501835,361.7140551835077
