Course,Pos,Neg
Lecture,78.28992394031371,26.183474266240708
Load,40.934411301159344,59.26276534862744
Grade,60.6775843129959,6.806412695573252
