Course,Pos,Neg,PNS
Lecture,5.273341508773547,2.472261573557328,5.247106245850436
Load,0.008908608003510973,12.21181086485559,13.501718944105304
Grade,2.103023470504067,12.21181086485559,7.628957624490624
