Course,Pos,Neg
Lecture,5.259612776291301,164.39665816907456
Load,0,188.66756478333488
Grade,0,189.99999649409256
