Course,Pos,Neg,PNS
Lecture,52.73341508773547,24.72261573557328,28.01079935216219
Load,0.08908608003510973,122.11810864855589,-122.02902256852077
Grade,21.03023470504067,48.856838000886,-27.82660329584533
