Course,Pos,Neg
Lecture,5.370495669980353,63.37755404321896
Load,3.474652294662808,82.20800412544942
Grade,3.812048023108864,70.0
