Course,Pos,Neg,PNS
Lecture,4.359345679410319,0.2933400579952706,1.4249383839121017
Load,0.9982056098862971,3.5300863014478434,5.039516938559223
Grade,1.14437112533966,3.5300863014478434,2.5404275540376937
