Course,Pos,Neg
Lecture,32.08522554727441,31.57814422459213
Load,13.399301912665209,88.43478210974283
Grade,25.548684888970104,20.41923808671976
