Course,Pos,Neg,PNS
Lecture,43.59345679410319,2.9334005799527056,40.66005621415049
Load,9.982056098862971,35.30086301447844,-25.31880691561547
Grade,11.4437112533966,16.19227884193355,-4.74856758853695
