Course,Pos,Neg,PNS
Lecture,2.794294094736528,4.873422169214702,7.462873558668133
Load,1.1294016536004796,9.279324773542166,11.6442187285966
Grade,2.116332345188602,9.279324773542166,5.520253818760703
