Course,Pos,Neg,PNS
Lecture,27.94294094736528,48.734221692147024,-20.791280744781744
Load,11.294016536004795,92.79324773542169,-81.4992311994169
Grade,21.163323451886022,35.9787342333387,-14.815410781452677
