Course,Pos,Neg
Lecture,7.870282585907582,139.91227860053414
Load,0,149.9999999736745
Grade,0,149.99999996406135
