Course,Pos,Neg
Lecture,69.07685704441724,5.394536057108327
Load,26.61219716006179,90.93746829799974
Grade,47.903808645680265,6.806412695573252
