Course,Pos,Neg,PNS
Lecture,4.7917929102808205,0.5636238169814856,2.2076916941671842
Load,0.18146526187276416,5.939560059577359,7.5151827054080815
Grade,1.12374373070366,5.939560059577359,6.357694905373833
