Course,Pos,Neg
Lecture,0,72.77113507518992
Load,0,79.99999999996533
Grade,0,86.53777738631604
