Course,Pos,Neg
Lecture,36.843711543130986,5.394536057108327
Load,16.077702863110037,39.41395461000761
Grade,25.548698435413908,16.806171507916183
