Course,Pos,Neg,PNS
Lecture,47.91792910280821,5.636238169814856,42.28169093299336
Load,1.8146526187276415,59.39560059577359,-57.580947977045945
Grade,11.2374373070366,41.88179563264161,-30.644358325605012
