Course,Pos,Neg
Lecture,5.842192731929995,89.99150933092525
Load,0,90.0
Grade,0,99.99965929144932
