Course,Pos,Neg,PNS
Lecture,40.346033160982955,10.893470494182136,29.45256266680082
Load,5.672076023565593,36.72375818780186,-31.05168216423627
Grade,20.28736119213127,16.183204660367018,4.104156531764254
