Course,Pos,Neg
Lecture,46.054637706660095,5.394536057108327
Load,24.118744307501682,14.64027904277733
Grade,31.93579937037104,6.806412695573252
