Course,Pos,Neg,PNS
Lecture,4.034603316098296,1.0893470494182138,2.8511279848528104
Load,0.5672076023565593,3.672375818780186,5.085570292492434
Grade,2.0287361192131272,3.672375818780186,3.180010879905543
