Course,Pos,Neg
Lecture,4.604320902875153,0
Load,2.67985257041894,0
Grade,3.193587304426748,0
