Course,Pos,Neg,PNS
Lecture,2.8025330737474046,0.7146240182463337,2.3680893110116297
Load,0.7635325079276696,1.689711617255135,3.2115061661723763
Grade,1.3770342954928625,1.689711617255135,2.1201243385535355
