Course,Pos,Neg
Lecture,5.842192731929995,39.99999999884525
Load,0,40.0
Grade,0,40.0
