Course,Pos,Neg,PNS
Lecture,0,0.6640367702678489,1.3280735405356978
Load,0,0.6065492732609231,1.2130985465218462
Grade,0,0.6065492732609231,0.0
