Course,Pos,Neg
Lecture,4.355021139154803,110.50306765942001
Load,22.173476757435285,85.90853873183315
Grade,3.812048023108864,147.66073593842913
