Course,Pos,Neg,PNS
Lecture,28.025330737474047,7.1462401824633375,20.87909055501071
Load,7.635325079276696,16.89711617255135,-9.261791093274653
Grade,13.770342954928624,9.492073752700467,4.278269202228158
