Course,Pos,Neg,PNS
Lecture,3.2986844254636876,3.383964857195208,6.804269172329465
Load,1.1090741850426613,3.3289106198484744,4.630459356831747
Grade,2.157028065594489,3.3289106198484744,3.7321927736341394
