Course,Pos,Neg
Lecture,18.42167668920448,18.54358246933767
Load,10.719441914444943,14.64027904277733
Grade,12.774349217706993,13.612825391146504
