Course,Pos,Neg
Lecture,36.84371133254077,93.15628845686659
Load,32.084099144311686,49.201031632501355
Grade,41.51591652904142,50.41923808671975
