Course,Pos,Neg,PNS
Lecture,32.98684425463688,33.83964857195208,-0.8528043173152042
Load,11.090741850426614,33.28910619848474,-22.198364348058124
Grade,21.570280655944888,23.299674074225237,-1.729393418280349
