Course,Pos,Neg,PNS
Lecture,0,6.640367702678489,-6.640367702678489
Load,0,6.065492732609231,-6.065492732609231
Grade,0,0.0,0.0
