Course,Pos,Neg,PNS
Lecture,1.7310751268312798,0,0.8655375634156399
Load,1.1711492877226668,0,0.5855746438613334
Grade,0.21003991516224016,0,0.10501995758112008
