Course,Pos,Neg,PNS
Lecture,12.48906876145799,0.5074348931057571,11.981633868352233
Load,4.736378732464207,19.587657816316025,-14.851279083851818
Grade,7.775161208845603,10.618340608535899,-2.843179399690296
