Course,Pos,Neg
Lecture,0,36.22029339701918
Load,0,39.67983693110399
Grade,0,33.504581833144
