Course,Pos,Neg
Lecture,18.421670464840226,0
Load,10.704720445176832,0
Grade,12.107439004794808,0
