Course,Pos,Neg,PNS
Lecture,1.2489068761457989,0.05074348931057582,0.7090259202571925
Load,0.4736378732464207,1.9587657816316024,3.501428572675881
Grade,0.7775161208845602,1.9587657816316024,2.1584814951982634
