Course,Pos,Neg
Lecture,9.53172444174507,10.0
Load,2.913126124515909,10.0
Grade,2.2985275596975745,10.0
