Course,Pos,Neg,PNS
Lecture,17.3107512683128,0,17.3107512683128
Load,11.711492877226668,0,11.711492877226668
Grade,2.1003991516224017,0.0,2.1003991516224017
