Course,Pos,Neg
Lecture,9.210909745006962,0
Load,5.357886916518703,0
Grade,6.387173862549355,0
