Course,Pos,Neg,PNS
Lecture,0.0011703086779007537,0,0.0011703086779007537
Load,0.007175687405092832,0,0.007175687405092832
Grade,0.5370495669980353,0,0.5370495669980353
