Course,Pos,Neg,PNS
Lecture,22.270936389811762,0,22.270936389811762
Load,0,23.61395929624999,-23.61395929624999
Grade,7.631663230287735,6.150051431726503,1.4816117985612323
