Course,Pos,Neg
Lecture,18.420817730512933,66.99414321880401
Load,18.75826884641333,49.28055808555466
Grade,25.350508973151506,18.44840897930082
