Course,Pos,Neg
Lecture,0,56.02667237318071
Load,0,89.14600899882285
Grade,0,81.59683592148804
