Course,Pos,Neg,PNS
Lecture,0.46211715726000974,1.5552597808866964,2.0973703156940404
Load,0,3.823366112618007,4.170944850128735
Grade,0.2960323670830133,3.823366112618007,1.4741875311140897
