Course,Pos,Neg,PNS
Lecture,4.6211715726000975,15.552597808866961,-10.931426236266864
Load,0,38.23366112618007,-38.23366112618007
Grade,2.9603236708301326,10.316325565648139,-7.356001894818006
