Course,Pos,Neg
Lecture,13.816391828675018,0
Load,8.03737766189071,0
Grade,9.580761913280245,0
