Course,Pos,Neg,PNS
Lecture,2.2270936389811764,0,0.7423645463270588
Load,0,2.361395929624999,3.1485279061666653
Grade,0.7631663230287735,2.361395929624999,1.5831731805923073
