Course,Pos,Neg,PNS
Lecture,0.011703086779006427,0,0.011703086779006427
Load,0.07175687405092838,0,0.07175687405092838
Grade,5.370495669980353,0,5.370495669980353
