Course,Pos,Neg
Lecture,4.605463942836842,0
Load,2.6798604786113356,0
Grade,3.193587304426748,0
