Course,Pos,Neg,PNS
Lecture,6.640367702678489,0,6.640367702678489
Load,8.765390877496523,0,8.765390877496523
Grade,6.640367702678489,0,6.640367702678489
