Course,Pos,Neg,PNS
Lecture,28.55591915234894,0,28.55591915234894
Load,0,18.12547935323792,-18.12547935323792
Grade,0,10.346262247718112,-10.346262247718112
