Course,Pos,Neg,PNS
Lecture,3.0473241594098925,0.0,0.6094648318819785
Load,0,2.712842060765281,3.255410472918337
Grade,1.37152663398775,2.712842060765281,1.491337667490928
