Course,Pos,Neg,PNS
Lecture,8.065832982939293,0,8.065832982939293
Load,0,6.038724396234322,-6.038724396234322
Grade,6.735281795571031,0,6.735281795571031
