Course,Pos,Neg,PNS
Lecture,30.473241594098923,0.0,30.473241594098923
Load,0,27.128420607652814,-27.128420607652814
Grade,13.715266339877498,5.370495669980353,8.344770669897144
