Course,Pos,Neg
Lecture,5.842192731929995,29.99999999805195
Load,0,46.18963983191598
Grade,5.370495669980353,35.37049566998036
