Course,Pos,Neg
Lecture,18.421855574924564,5.394536057108327
Load,10.719439003788668,17.320139521219463
Grade,12.774348350303649,16.806412138102438
