Course,Pos,Neg,PNS
Lecture,2.855591915234894,0,0.9518639717449647
Load,0,1.8125479353237919,2.4167305804317225
Grade,0,1.8125479353237919,1.3795016330290817
