Course,Pos,Neg
Lecture,13.816391824793309,0
Load,8.039581435824665,0
Grade,9.580761913280245,0
