Course,Pos,Neg,PNS
Lecture,0.8065832982939293,0,0.8065832982939293
Load,0,0.6038724396234322,1.2077448792468644
Grade,0.6735281795571031,0.6038724396234322,0.6735281795571031
