Course,Pos,Neg
Lecture,4.605463942891673,0
Load,2.6798604785675186,0
Grade,3.193587304426748,0
