Course,Pos,Neg,PNS
Lecture,0.6640367702678489,0,0.6640367702678489
Load,0.8765390877496524,0,0.8765390877496524
Grade,0.6640367702678489,0,0.6640367702678489
