Course,Pos,Neg
Lecture,4.6054639428907205,5.394536057108327
Load,0,24.64027904277733
Grade,0,23.611608586698765
