Course,Pos,Neg
Lecture,0,9.999997232418377
Load,0,10.0
Grade,0,9.999999999999998
