Course,Pos,Neg
Lecture,0,7.653199287894942
Load,0,9.992641826803219
Grade,0,5.370495669980353
