Course,Pos,Neg,PNS
Lecture,2.1515343766855506,0.9921089863124936,3.5142105531088683
Load,1.1294016536004796,1.760667016838445,3.2057013520579076
Grade,1.817899304896763,1.760667016838445,1.3710094740652967
