Course,Pos,Neg,PNS
Lecture,0,0.29131261245159096,0.5826252249031819
Load,0,0.9910427207132121,1.9820854414264242
Grade,0,0.9910427207132121,1.0740991339960706
