Course,Pos,Neg,PNS
Lecture,0,2.9131261245159097,-2.9131261245159097
Load,0,9.910427207132122,-9.910427207132122
Grade,0,5.370495669980353,-5.370495669980353
