Course,Pos,Neg,PNS
Lecture,9.53172444174507,0.0,9.53172444174507
Load,0,9.901383690441794,-9.901383690441794
Grade,0,5.370495669980353,-5.370495669980353
