Course,Pos,Neg,PNS
Lecture,21.515343766855505,9.921089863124935,11.59425390373057
Load,11.294016536004795,17.606670168384454,-6.312653632379659
Grade,18.17899304896763,3.825215195498546,14.353777853469085
