Course,Pos,Neg
Lecture,0,40.0
Load,0,49.99999997395662
Grade,0,49.99999988694985
