Course,Pos,Neg,PNS
Lecture,0.9531724441745069,0.0,0.9531724441745069
Load,0,0.9901383690441794,1.4852075535662692
Grade,0,0.9901383690441794,0.805574350497053
