Course,Pos,Neg
Lecture,4.552213261626591,0
Load,0,17.32013951236944
Grade,3.193587281618997,0
