Course,Pos,Neg
Lecture,13.8163918285296,20.789072114216655
Load,10.719441860566613,17.31942240034742
Grade,15.96793652213374,0
