Course,Pos,Neg
Lecture,13.998421506828347,159.9996362617248
Load,12.870336623482189,184.4767961844112
Grade,7.499840953501835,196.07031252682117
