Course,Pos,Neg,PNS
Lecture,7.19769807753923,2.0934165032791747,4.027062777483651
Load,1.74577992254933,8.203911319618632,10.262215495715713
Grade,3.3093625198273067,8.203911319618632,5.376695270737539
