Course,Pos,Neg
Lecture,82.51804825078094,53.94536057108326
Load,48.23746907263554,103.20138214560205
Grade,60.67815878406796,81.25436494578997
