Course,Pos,Neg,PNS
Lecture,71.97698077539229,20.934165032791746,51.042815742600546
Load,17.4577992254933,82.03911319618634,-64.58131397069303
Grade,33.09362519827306,37.202221490511334,-4.108596292238275
