Course,Pos,Neg
Lecture,0,0.0
Load,0,9.999999968283838
Grade,0,9.999999968283838
