Course,Pos,Neg
Lecture,0,5.394536057108327
Load,0,7.320139521388665
Grade,0,6.806412695573252
