Course,Pos,Neg
Lecture,0,5.394536057108327
Load,2.6798604786112765,0
Grade,3.193587304425699,0
