Course,Pos,Neg,PNS
Lecture,7.187341914478964,0,7.187341914478964
Load,0,0.0,0.0
Grade,0,0.0,0.0
