Course,Pos,Neg,PNS
Lecture,0.7187341914478964,0,0.7187341914478964
Load,0,0.0,0.0
Grade,0,0.0,0.0
