Course,Pos,Neg
Lecture,4.605463936106856,46.972680209694694
Load,13.398446622350061,7.320139521388665
Grade,15.967936005811664,6.806412695573252
