Course,Pos,Neg,PNS
Lecture,0,10.64158208572685,-10.64158208572685
Load,3.0582559137916423,9.859324111291969,-6.801068197500326
Grade,0,13.572481593552054,-13.572481593552054
