Course,Pos,Neg
Lecture,0,24.1848447928989
Load,0,49.999993831054674
Grade,0,49.99999189500922
