Course,Pos,Neg,PNS
Lecture,0,1.0641582085726848,1.2415179100014655
Load,0.3058255913791642,0.9859324111291969,1.533218171270458
Grade,0,0.9859324111291969,1.5834561859144063
