Course,Pos,Neg
Lecture,13.816391828675014,0
Load,8.039581435819446,0
Grade,9.580761913280245,0
