Course,Pos,Neg,PNS
Lecture,1.4902220111725422,0.0,0.7451110055862711
Load,0,1.2077448792468644,1.6103265056624858
Grade,0,1.2077448792468644,0.0
