Course,Pos,Neg,PNS
Lecture,14.902220111725423,0.0,14.902220111725423
Load,0,12.077448792468644,-12.077448792468644
Grade,0,0.0,0.0
