Course,Pos,Neg
Lecture,4.605463942499059,0
Load,2.679860466612797,0
Grade,3.193587304426748,0
