Course,Pos,Neg,PNS
Lecture,1.065764263772089,0,1.065764263772089
Load,0,0.0,0.0
Grade,0,0.0,0.0
