Course,Pos,Neg
Lecture,0,15.394535304708777
Load,2.679761739389569,0
Grade,3.19358730441425,0
