Course,Pos,Neg,PNS
Lecture,0.1065764263772089,0,0.1065764263772089
Load,0,0.0,0.0
Grade,0,0.0,0.0
