Course,Pos,Neg
Lecture,0,0.9274994044022122
Load,0,9.999999990447275
Grade,0,9.999999968283838
