Course,Pos,Neg,PNS
Lecture,0,0.028074229067659887,0.056148458135319775
Load,0,0.6429263734773529,1.2858527469547059
Grade,0,0.6429263734773529,0.0
