Course,Pos,Neg,PNS
Lecture,0.5370495669980353,0.0,0.5370495669980353
Load,1.314508967975661,0,0.6572544839878305
Grade,0.3812048023108864,0,0.3812048023108864
