Course,Pos,Neg,PNS
Lecture,5.370495669980353,0.0,5.370495669980353
Load,13.14508967975661,0,13.14508967975661
Grade,3.812048023108864,0.0,3.812048023108864
