Course,Pos,Neg
Lecture,9.210927885783343,0
Load,5.359720957222671,0
Grade,6.387174608853496,0
