Course,Pos,Neg
Lecture,4.605463940605751,0
Load,2.679738768282397,0
Grade,3.1935873030149766,0
