Course,Pos,Neg,PNS
Lecture,0,0.0,0.0
Load,0,0.670116730393071,1.340233460786142
Grade,0,0.670116730393071,0.0
