Course,Pos,Neg,PNS
Lecture,0,0.0,0.0
Load,0,6.70116730393071,-6.70116730393071
Grade,0,0.0,0.0
