Course,Pos,Neg
Lecture,0,9.936457881722868
Load,0,9.999999999998117
Grade,0,9.999999968283838
