Course,Pos,Neg,PNS
Lecture,0.9531724441745069,0,0.9531724441745069
Load,0,0.8608902271657226,1.7217804543314452
Grade,0,0.8608902271657226,1.0740991339960706
