Course,Pos,Neg
Lecture,4.605463942891671,0
Load,2.679860323363543,0
Grade,3.19357238091487,0
