Course,Pos,Neg
Lecture,0,9.99998685511939
Load,0,9.999998471285744
Grade,0,9.999997574489775
