Course,Pos,Neg,PNS
Lecture,9.53172444174507,0,9.53172444174507
Load,0,8.608902271657225,-8.608902271657225
Grade,0,5.370495669980353,-5.370495669980353
