Course,Pos,Neg,PNS
Lecture,0.5259612776291301,0,0.5259612776291301
Load,0,0.7159178568860443,1.4318357137720885
Grade,0,0.7159178568860443,0.0
