Course,Pos,Neg
Lecture,5.259612776291301,0
Load,0,7.159178568860442
Grade,0,9.999999999876469
