Course,Pos,Neg
Lecture,4.6054392823955626,0
Load,0,17.315568007241694
Grade,3.193587304425871,0
