Course,Pos,Neg,PNS
Lecture,5.259612776291301,0,5.259612776291301
Load,0,7.159178568860442,-7.159178568860442
Grade,0,0.0,0.0
