Course,Pos,Neg,PNS
Lecture,0.944822375532117,0.0,0.4724111877660585
Load,0.53949660214958,0.0,0.26974830107479
Grade,0.9565931196650993,0.0,0.47829655983254965
