Course,Pos,Neg,PNS
Lecture,9.44822375532117,0.0,9.44822375532117
Load,5.394966021495799,0.0,5.394966021495799
Grade,9.565931196650993,0.0,9.565931196650993
