Course,Pos,Neg
Lecture,4.605463942891673,5.394536057108327
Load,2.6798604786113356,7.320139521388665
Grade,3.193587304426748,6.806412695573252
