Course,Pos,Neg,PNS
Lecture,1.9453561927753098,0,0.9726780963876549
Load,0,0.8895481031095325,1.3343221546642987
Grade,0,0.8895481031095325,0.43696891867738635
