Course,Pos,Neg,PNS
Lecture,19.4535619277531,0,19.4535619277531
Load,0,8.895481031095326,-8.895481031095326
Grade,0,2.913126124515909,-2.913126124515909
