Course,Pos,Neg
Lecture,9.210927885783297,0
Load,2.531400363547168,17.18901615580931
Grade,3.193587304426748,6.806412695573252
