Course,Pos,Neg
Lecture,9.92183748600803,10.0
Load,0,11.97375320224904
Grade,0,10.0
