Course,Pos,Neg,PNS
Lecture,9.665229730582555,0,9.665229730582555
Load,0,0.0,0.0
Grade,0,0.0,0.0
