Course,Pos,Neg,PNS
Lecture,0.9665229730582556,0,0.9665229730582556
Load,0,0.0,0.0
Grade,0,0.0,0.0
